Costo;;;;Budget
4793;;;;150000
1733;;;;
4208;;;;
3071;;;;
2184;;;;
2753;;;;
2526;;;;
3118;;;;
4572;;;;
3244;;;;
4387;;;;
3536;;;;
3854;;;;
2563;;;;
2032;;;;
1526;;;;
3800;;;;
2112;;;;
3177;;;;
3969;;;;
1581;;;;
3534;;;;
4515;;;;
2333;;;;
2980;;;;
3986;;;;
1723;;;;
4201;;;;
1914;;;;
4456;;;;
2375;;;;
1849;;;;
2314;;;;
3578;;;;
3021;;;;
2272;;;;
2895;;;;
3950;;;;
1881;;;;
1687;;;;
3165;;;;
4369;;;;
3941;;;;
4461;;;;
1665;;;;
2390;;;;
4593;;;;
1754;;;;
1996;;;;
3195;;;;
4315;;;;
4897;;;;
2261;;;;
2580;;;;
2806;;;;
4648;;;;
4165;;;;
3890;;;;
2405;;;;
3009;;;;
3052;;;;
4481;;;;
4460;;;;
1727;;;;
4825;;;;
3559;;;;
4262;;;;
3172;;;;
1699;;;;
1867;;;;
2789;;;;
4924;;;;
3183;;;;
3749;;;;
3960;;;;
3303;;;;
2195;;;;
2855;;;;
1983;;;;
4495;;;;
4034;;;;
3548;;;;
2704;;;;
4453;;;;
1772;;;;
2478;;;;
2783;;;;
3435;;;;
3015;;;;
3641;;;;
3080;;;;
4082;;;;
3498;;;;
1893;;;;
3236;;;;
2733;;;;
2964;;;;
2535;;;;
4471;;;;
4962;;;;
4226;;;;
2301;;;;
2735;;;;
3182;;;;
3003;;;;
4299;;;;
4277;;;;
3618;;;;
4791;;;;
4868;;;;
4207;;;;
1731;;;;
2273;;;;
4255;;;;
4189;;;;
2621;;;;
4487;;;;
3460;;;;
3589;;;;
3593;;;;
4741;;;;
2948;;;;
4247;;;;
4099;;;;
4606;;;;
2878;;;;
4788;;;;
3535;;;;
2382;;;;
1840;;;;
3730;;;;
4143;;;;
2574;;;;
4640;;;;
4106;;;;
1884;;;;
4281;;;;
2335;;;;
2942;;;;
4886;;;;
2505;;;;
3453;;;;
2829;;;;
2729;;;;
4536;;;;
1556;;;;
3865;;;;
1563;;;;
4726;;;;
4200;;;;
2771;;;;
2359;;;;
2347;;;;
2454;;;;
1813;;;;
2886;;;;
2449;;;;
4865;;;;
1644;;;;
3620;;;;
4410;;;;
1932;;;;
2973;;;;
4899;;;;
4745;;;;
2164;;;;
1725;;;;
4923;;;;
3077;;;;
3098;;;;
2072;;;;
3116;;;;
2334;;;;
1641;;;;
3064;;;;
1995;;;;
1933;;;;
4040;;;;
2897;;;;
4140;;;;
1665;;;;
3603;;;;
3887;;;;
3906;;;;
1655;;;;
3833;;;;
4462;;;;
3687;;;;
3496;;;;
1606;;;;
3763;;;;
4492;;;;
2421;;;;
4191;;;;
4082;;;;
2949;;;;
2481;;;;
1965;;;;
2333;;;;
3959;;;;
4910;;;;
3813;;;;
1803;;;;
3564;;;;
4813;;;;
3691;;;;
4575;;;;
3142;;;;
2739;;;;
3404;;;;
2864;;;;
2455;;;;
4706;;;;
4706;;;;
1836;;;;
4217;;;;
4868;;;;
2778;;;;
1803;;;;
3611;;;;
1725;;;;
4599;;;;
4749;;;;
3453;;;;
3553;;;;
3514;;;;
4856;;;;
1678;;;;
3410;;;;
2354;;;;
3884;;;;
2774;;;;
2797;;;;
3820;;;;
4770;;;;
2632;;;;
3213;;;;
2382;;;;
4370;;;;
3701;;;;
1690;;;;
4766;;;;
3312;;;;
4222;;;;
3280;;;;
2701;;;;
4248;;;;
2386;;;;
2421;;;;
2574;;;;
3645;;;;
2994;;;;
3366;;;;
4987;;;;
2486;;;;
3682;;;;
2083;;;;
4419;;;;
3094;;;;
3092;;;;
4152;;;;
4679;;;;
3447;;;;
2116;;;;
3911;;;;
3162;;;;
4094;;;;
3973;;;;
2849;;;;
4201;;;;
4724;;;;
4014;;;;
4420;;;;
1868;;;;
2828;;;;
3425;;;;
3861;;;;
3560;;;;
3370;;;;
4729;;;;
4884;;;;
4684;;;;
1854;;;;
2859;;;;
2383;;;;
3294;;;;
4869;;;;
4462;;;;
2439;;;;
2006;;;;
2697;;;;
2081;;;;
4319;;;;
3014;;;;
4293;;;;
4387;;;;
4989;;;;
1946;;;;
3332;;;;
3462;;;;
4673;;;;
4197;;;;
1706;;;;
2520;;;;
4079;;;;
3222;;;;
4681;;;;
4796;;;;
4687;;;;
2945;;;;
4295;;;;
3407;;;;
4321;;;;
3124;;;;
3303;;;;
1856;;;;
2868;;;;
4981;;;;
3937;;;;
3243;;;;
1657;;;;
4237;;;;
2389;;;;
2427;;;;
1532;;;;
3007;;;;
3356;;;;
2522;;;;
2323;;;;
4521;;;;
1614;;;;
4339;;;;
3197;;;;
3054;;;;
2299;;;;
2603;;;;
3044;;;;
4087;;;;
4373;;;;
2983;;;;
3457;;;;
3720;;;;
1748;;;;
2172;;;;
2373;;;;
1941;;;;
4432;;;;
4637;;;;
3437;;;;
3972;;;;
4485;;;;
2829;;;;
2626;;;;
4910;;;;
1663;;;;
2231;;;;
4646;;;;
3298;;;;
2959;;;;
2043;;;;
1539;;;;
1722;;;;
2144;;;;
1614;;;;
4897;;;;
1778;;;;
4715;;;;
4599;;;;
4361;;;;
2682;;;;
2761;;;;
3625;;;;
3674;;;;
2053;;;;
2763;;;;
3598;;;;
2109;;;;
4764;;;;
4804;;;;
4143;;;;
3725;;;;
3407;;;;
3896;;;;
2827;;;;
1797;;;;
2586;;;;
3672;;;;
3388;;;;
3094;;;;
3002;;;;
2466;;;;
1608;;;;
3706;;;;
3643;;;;
3140;;;;
1936;;;;
3900;;;;
2478;;;;
3980;;;;
2910;;;;
2930;;;;
3973;;;;
3324;;;;
2240;;;;
2908;;;;
4411;;;;
3942;;;;
3204;;;;
4490;;;;
4649;;;;
3478;;;;
3919;;;;
4161;;;;
3654;;;;
4124;;;;
3297;;;;
4535;;;;
2000;;;;
1851;;;;
2095;;;;
2693;;;;
1872;;;;
3302;;;;
2947;;;;
4200;;;;
4755;;;;
3405;;;;
1631;;;;
3164;;;;
1820;;;;
4249;;;;
2007;;;;
3764;;;;
3979;;;;
3770;;;;
4571;;;;
4277;;;;
2270;;;;
2322;;;;
3121;;;;
4190;;;;
2578;;;;
4070;;;;
4489;;;;
3969;;;;
2332;;;;
4930;;;;
4640;;;;
2944;;;;
3842;;;;
4172;;;;
4130;;;;
2518;;;;
1507;;;;
1915;;;;
3230;;;;
4811;;;;
4485;;;;
1751;;;;
4352;;;;
4298;;;;
4832;;;;
1807;;;;
4240;;;;
3348;;;;
3703;;;;
3422;;;;
3282;;;;
3722;;;;
4947;;;;
3246;;;;
1597;;;;
3440;;;;
1795;;;;
3539;;;;
4387;;;;
4373;;;;
4129;;;;
3289;;;;
2225;;;;
1518;;;;
4367;;;;
1739;;;;
1988;;;;
4018;;;;
3221;;;;
3397;;;;
4638;;;;
2012;;;;
1876;;;;
1695;;;;
4202;;;;
3403;;;;
3328;;;;
4489;;;;
4260;;;;
4956;;;;
4613;;;;
1933;;;;
2959;;;;
2429;;;;
1887;;;;
2747;;;;
4153;;;;
1789;;;;
2729;;;;
4228;;;;
3010;;;;
3009;;;;
3572;;;;
4104;;;;
4531;;;;
2285;;;;
3345;;;;
2056;;;;
4219;;;;
2011;;;;
2021;;;;
1884;;;;
3172;;;;
3326;;;;
3927;;;;
3438;;;;
3692;;;;
2842;;;;
3813;;;;
4625;;;;
2892;;;;
4660;;;;
1512;;;;
3698;;;;
3830;;;;
2060;;;;
2417;;;;
4710;;;;
1864;;;;
2172;;;;
2658;;;;
2345;;;;
4592;;;;
4023;;;;
3393;;;;
2022;;;;
3205;;;;
4542;;;;
3778;;;;
3934;;;;
4872;;;;
2867;;;;
3450;;;;
1991;;;;
4130;;;;
4008;;;;
1581;;;;
1815;;;;
4116;;;;
4171;;;;
3345;;;;
2474;;;;
2806;;;;
4142;;;;
1857;;;;
4206;;;;
2171;;;;
1788;;;;
1763;;;;
2314;;;;
3180;;;;
1983;;;;
2148;;;;
3642;;;;
2076;;;;
4514;;;;
3087;;;;
4044;;;;
4395;;;;
2819;;;;
4188;;;;
3193;;;;
4979;;;;
4950;;;;
3944;;;;
2801;;;;
3344;;;;
3564;;;;
1950;;;;
4131;;;;
4462;;;;
3194;;;;
4839;;;;
3811;;;;
2917;;;;
3348;;;;
2256;;;;
1699;;;;
4561;;;;
3234;;;;
4584;;;;
2083;;;;
2899;;;;
4627;;;;
3172;;;;
1807;;;;
3007;;;;
1979;;;;
4725;;;;
4988;;;;
4621;;;;
2916;;;;
4175;;;;
3069;;;;
2958;;;;
2952;;;;
4185;;;;
3019;;;;
4885;;;;
3608;;;;
1936;;;;
1882;;;;
4566;;;;
3757;;;;
2537;;;;
4510;;;;
3964;;;;
2266;;;;
2031;;;;
4563;;;;
1762;;;;
4823;;;;
3090;;;;
3992;;;;
4265;;;;
4574;;;;
2697;;;;
2630;;;;
3415;;;;
2081;;;;
1724;;;;
4149;;;;
1966;;;;
3046;;;;
1862;;;;
4354;;;;
1919;;;;
1910;;;;
2277;;;;
1771;;;;
4934;;;;
3129;;;;
1936;;;;
4624;;;;
3891;;;;
4606;;;;
2204;;;;
1857;;;;
1773;;;;
3796;;;;
3537;;;;
2389;;;;
2514;;;;
2794;;;;
3280;;;;
2013;;;;
4036;;;;
3327;;;;
1821;;;;
4383;;;;
1986;;;;
3047;;;;
4820;;;;
3674;;;;
2498;;;;
1854;;;;
2374;;;;
3880;;;;
3098;;;;
3560;;;;
2299;;;;
4210;;;;
4170;;;;
3329;;;;
3259;;;;
2628;;;;
3603;;;;
3460;;;;
2157;;;;
4877;;;;
3236;;;;
2618;;;;
3653;;;;
3447;;;;
2223;;;;
2920;;;;
2029;;;;
3198;;;;
2791;;;;
4901;;;;
4115;;;;
2407;;;;
2312;;;;
4549;;;;
2631;;;;
4936;;;;
2021;;;;
2982;;;;
2881;;;;
2985;;;;
3932;;;;
2361;;;;
3905;;;;
4568;;;;
3398;;;;
2018;;;;
1540;;;;
1719;;;;
3701;;;;
2615;;;;
2061;;;;
2443;;;;
3884;;;;
3866;;;;
1627;;;;
3630;;;;
1699;;;;
2940;;;;
1863;;;;
1910;;;;
2992;;;;
2743;;;;
4101;;;;
4420;;;;
4259;;;;
3978;;;;
2840;;;;
2050;;;;
1648;;;;
4915;;;;
3777;;;;
2441;;;;
2890;;;;
2627;;;;
2457;;;;
3758;;;;
4545;;;;
3877;;;;
4869;;;;
4713;;;;
2794;;;;
3808;;;;
3991;;;;
3272;;;;
4218;;;;
1977;;;;
3948;;;;
1727;;;;
2144;;;;
1598;;;;
3360;;;;
2076;;;;
4594;;;;
4487;;;;
2761;;;;
3698;;;;
4135;;;;
4201;;;;
4304;;;;
2538;;;;
1982;;;;
4874;;;;
1556;;;;
2984;;;;
3564;;;;
1560;;;;
4917;;;;
1611;;;;
2720;;;;
4790;;;;
4402;;;;
4722;;;;
3935;;;;
2913;;;;
4534;;;;
4709;;;;
2212;;;;
4417;;;;
3419;;;;
2724;;;;
1767;;;;
4244;;;;
1610;;;;
4392;;;;
2978;;;;
4200;;;;
4331;;;;
4245;;;;
3844;;;;
2737;;;;
2856;;;;
1726;;;;
3196;;;;
3246;;;;
3043;;;;
3301;;;;
3811;;;;
2142;;;;
3183;;;;
2904;;;;
3216;;;;
2383;;;;
4313;;;;
4285;;;;
2351;;;;
1643;;;;
4643;;;;
2529;;;;
1905;;;;
4284;;;;
4927;;;;
4765;;;;
4615;;;;
1947;;;;
4509;;;;
2167;;;;
3150;;;;
3382;;;;
3971;;;;
2645;;;;
3560;;;;
4044;;;;
3540;;;;
2926;;;;
1804;;;;
4609;;;;
1811;;;;
4065;;;;
2953;;;;
1777;;;;
4842;;;;
2982;;;;
3435;;;;
4448;;;;
2231;;;;
2260;;;;
4142;;;;
3465;;;;
2656;;;;
2613;;;;
4095;;;;
2772;;;;
1663;;;;
3002;;;;
2605;;;;
3510;;;;
2147;;;;
2665;;;;
2717;;;;
2648;;;;
4421;;;;
2553;;;;
4199;;;;
4274;;;;
2360;;;;
3028;;;;
4050;;;;
4516;;;;
4894;;;;
4181;;;;
2161;;;;
2572;;;;
3828;;;;
2795;;;;
3418;;;;
3983;;;;
3105;;;;
1643;;;;
1912;;;;
4715;;;;
4396;;;;
3050;;;;
4393;;;;
2361;;;;
4785;;;;
3925;;;;
4600;;;;
3953;;;;
4914;;;;
4893;;;;
3872;;;;
1788;;;;
2075;;;;
4776;;;;
4414;;;;
3654;;;;
2389;;;;
1998;;;;
3835;;;;
2347;;;;
4983;;;;
1931;;;;
2175;;;;
3876;;;;
3481;;;;
2317;;;;
3223;;;;
3835;;;;
1549;;;;
4337;;;;
3052;;;;
4683;;;;
3245;;;;
3256;;;;
1847;;;;
2900;;;;
1651;;;;
4934;;;;
3768;;;;
4343;;;;
3490;;;;
4755;;;;
1939;;;;
3811;;;;
2101;;;;
2244;;;;
2683;;;;
4001;;;;
3853;;;;
2081;;;;
4965;;;;
2756;;;;
4000;;;;
3690;;;;
1661;;;;
1837;;;;
3663;;;;
1741;;;;
2279;;;;
3751;;;;
3919;;;;
1950;;;;
4003;;;;
2774;;;;
3905;;;;
3532;;;;
3233;;;;
3555;;;;
3344;;;;
4224;;;;
4002;;;;
2534;;;;
2744;;;;
4725;;;;
1566;;;;
3068;;;;
1812;;;;
4119;;;;
3423;;;;
3680;;;;
2278;;;;
4740;;;;
4868;;;;
3841;;;;
4652;;;;
4857;;;;
1564;;;;
1877;;;;
4071;;;;
4527;;;;
1986;;;;
2795;;;;
1698;;;;
4169;;;;
4659;;;;
2730;;;;
4247;;;;
3791;;;;
2367;;;;
1839;;;;
4504;;;;
4283;;;;
2967;;;;
1679;;;;
1751;;;;
4266;;;;
3219;;;;
3393;;;;
2187;;;;
4402;;;;
4785;;;;
3699;;;;
2873;;;;
3071;;;;
3508;;;;
3728;;;;
1860;;;;
3418;;;;
4666;;;;
2847;;;;
4810;;;;
1700;;;;
4543;;;;
4422;;;;
3893;;;;
2474;;;;
3758;;;;
3614;;;;
4925;;;;
3724;;;;
2156;;;;
3963;;;;
2630;;;;
4905;;;;
1541;;;;
4857;;;;
1859;;;;
3217;;;;
1884;;;;
3139;;;;
3636;;;;
1867;;;;
2297;;;;
3076;;;;
4349;;;;
4621;;;;
4978;;;;
2411;;;;
3475;;;;
3860;;;;
4830;;;;
4915;;;;
4193;;;;
2523;;;;
4572;;;;
2043;;;;
3638;;;;
3067;;;;
2416;;;;
4174;;;;
1854;;;;
3337;;;;
2859;;;;
3597;;;;
4803;;;;
3213;;;;
3378;;;;
3113;;;;
3971;;;;
4233;;;;
3166;;;;
3541;;;;
2726;;;;
4937;;;;
4278;;;;
4853;;;;
2275;;;;
4959;;;;
3800;;;;
2067;;;;
3061;;;;
3918;;;;
4405;;;;
2631;;;;
2437;;;;
4314;;;;
4475;;;;
4604;;;;
3588;;;;
4347;;;;
3546;;;;
1611;;;;
3669;;;;
3814;;;;
1540;;;;
1772;;;;
1766;;;;
1508;;;;
2088;;;;
4445;;;;
2598;;;;
2308;;;;
4759;;;;
3140;;;;
2528;;;;
4142;;;;
2206;;;;
1536;;;;
3956;;;;
4537;;;;
2651;;;;
3653;;;;
2558;;;;
1885;;;;
2199;;;;
3512;;;;
4222;;;;
1852;;;;
3661;;;;
3852;;;;
4880;;;;
4117;;;;
1626;;;;
3367;;;;
3102;;;;
4180;;;;
2951;;;;
3323;;;;
2653;;;;
4682;;;;
1798;;;;
3833;;;;
4260;;;;
1593;;;;
2293;;;;
2479;;;;
2457;;;;
2152;;;;
4195;;;;
2713;;;;
3976;;;;
2378;;;;
3145;;;;
3735;;;;
3985;;;;
1814;;;;
1715;;;;
1948;;;;
3963;;;;
2276;;;;
2288;;;;
3824;;;;
1826;;;;
3295;;;;
3553;;;;
2854;;;;
2974;;;;
4483;;;;
2878;;;;
3948;;;;
1644;;;;
4859;;;;
4315;;;;
1526;;;;
1996;;;;
4351;;;;
3279;;;;
2911;;;;
3371;;;;
1612;;;;
3391;;;;
4440;;;;
2622;;;;
2835;;;;
4380;;;;
1791;;;;
1845;;;;
2104;;;;
3490;;;;
4878;;;;
1954;;;;
2866;;;;
2605;;;;
3493;;;;
2386;;;;
1897;;;;
4009;;;;
3094;;;;
2987;;;;
4410;;;;
4730;;;;
2132;;;;
4640;;;;
2238;;;;
3115;;;;
1852;;;;
1573;;;;
2173;;;;
4301;;;;
4644;;;;
3423;;;;
2939;;;;
4580;;;;
1710;;;;
3559;;;;
2607;;;;
3777;;;;
3761;;;;
2481;;;;
1844;;;;
3504;;;;
4162;;;;
1786;;;;
2964;;;;
1607;;;;
2541;;;;
3288;;;;
2123;;;;
4401;;;;
2415;;;;
3337;;;;
4454;;;;
3561;;;;
3479;;;;
4443;;;;
1572;;;;
4424;;;;
3873;;;;
2524;;;;
3194;;;;
2043;;;;
2838;;;;
3487;;;;
2618;;;;
2815;;;;
3140;;;;
4154;;;;
4798;;;;
2679;;;;
1567;;;;
4128;;;;
2423;;;;
2177;;;;
2203;;;;
1736;;;;
2516;;;;
1529;;;;
3799;;;;
3672;;;;
2569;;;;
2191;;;;
3125;;;;
2415;;;;
2072;;;;
4846;;;;
2356;;;;
3060;;;;
4694;;;;
4309;;;;
2406;;;;
4811;;;;
1882;;;;
1810;;;;
4218;;;;
3576;;;;
2439;;;;
1787;;;;
4280;;;;
3405;;;;
3580;;;;
4276;;;;
2350;;;;
2738;;;;
4428;;;;
2935;;;;
4714;;;;
1917;;;;
3902;;;;
2329;;;;
2805;;;;
1905;;;;
3447;;;;
4880;;;;
4154;;;;
4309;;;;
4115;;;;
1747;;;;
4422;;;;
2120;;;;
2905;;;;
4471;;;;
4685;;;;
1973;;;;
2365;;;;
3456;;;;
2890;;;;
3113;;;;
4521;;;;
3280;;;;
3066;;;;
3023;;;;
2563;;;;
4253;;;;
4827;;;;
1846;;;;
4093;;;;
2949;;;;
1935;;;;
4433;;;;
4385;;;;
3386;;;;
4094;;;;
4701;;;;
2470;;;;
3920;;;;
3104;;;;
3861;;;;
3816;;;;
3574;;;;
3960;;;;
2282;;;;
4405;;;;
3064;;;;
4675;;;;
4508;;;;
4014;;;;
4050;;;;
4907;;;;
4996;;;;
4188;;;;
3548;;;;
3047;;;;
3883;;;;
3822;;;;
4631;;;;
2730;;;;
4841;;;;
4771;;;;
3388;;;;
2076;;;;
4848;;;;
4508;;;;
3090;;;;
4967;;;;
3812;;;;
4319;;;;
1512;;;;
2626;;;;
3363;;;;
2196;;;;
2619;;;;
2638;;;;
1718;;;;
3282;;;;
4584;;;;
2967;;;;
4026;;;;
3582;;;;
2468;;;;
4354;;;;
2819;;;;
3252;;;;
3683;;;;
3401;;;;
2202;;;;
3130;;;;
2003;;;;
3988;;;;
3912;;;;
3897;;;;
2270;;;;
4759;;;;
2070;;;;
4126;;;;
2797;;;;
3114;;;;
3811;;;;
2397;;;;
3623;;;;
2126;;;;
2153;;;;
2536;;;;
4031;;;;
4110;;;;
1692;;;;
2084;;;;
4286;;;;
4111;;;;
4728;;;;
4482;;;;
2489;;;;
2072;;;;
3818;;;;
3464;;;;
3917;;;;
4200;;;;
4508;;;;
2975;;;;
1918;;;;
4111;;;;
3531;;;;
2532;;;;
3044;;;;
3822;;;;
3753;;;;
3772;;;;
3291;;;;
4078;;;;
3216;;;;
2295;;;;
1720;;;;
3809;;;;
3165;;;;
1987;;;;
2225;;;;
4206;;;;
4315;;;;
2931;;;;
4114;;;;
4756;;;;
2140;;;;
3931;;;;
2310;;;;
3591;;;;
3201;;;;
2177;;;;
3375;;;;
1926;;;;
4014;;;;
1621;;;;
1500;;;;
3338;;;;
4890;;;;
2557;;;;
2832;;;;
2363;;;;
3645;;;;
2700;;;;
4108;;;;
3478;;;;
4601;;;;
3237;;;;
4061;;;;
4633;;;;
2082;;;;
3645;;;;
3492;;;;
3467;;;;
1633;;;;
4429;;;;
2863;;;;
2391;;;;
1625;;;;
1960;;;;
3187;;;;
1585;;;;
4352;;;;
2604;;;;
2882;;;;
4294;;;;
1949;;;;
3828;;;;
2951;;;;
4151;;;;
3851;;;;
3878;;;;
3660;;;;
3235;;;;
3752;;;;
2321;;;;
3090;;;;
2654;;;;
2981;;;;
1814;;;;
4907;;;;
4320;;;;
4740;;;;
4119;;;;
3000;;;;
3183;;;;
2911;;;;
3226;;;;
3109;;;;
3956;;;;
1933;;;;
3623;;;;
1651;;;;
4496;;;;
3801;;;;
2494;;;;
1766;;;;
4672;;;;
3683;;;;
1861;;;;
4141;;;;
3881;;;;
1723;;;;
3995;;;;
3270;;;;
2203;;;;
2167;;;;
4899;;;;
2136;;;;
3614;;;;
1809;;;;
4451;;;;
1503;;;;
4832;;;;
3609;;;;
2022;;;;
3700;;;;
3230;;;;
2433;;;;
1679;;;;
4317;;;;
1740;;;;
3124;;;;
1503;;;;
1618;;;;
2766;;;;
2568;;;;
2713;;;;
2561;;;;
4153;;;;
2721;;;;
4967;;;;
3931;;;;
1668;;;;
4113;;;;
1583;;;;
4604;;;;
4802;;;;
2769;;;;
3650;;;;
4467;;;;
4988;;;;
4254;;;;
2934;;;;
2656;;;;
2679;;;;
3303;;;;
4163;;;;
4420;;;;
4066;;;;
4712;;;;
1551;;;;
4444;;;;
1642;;;;
4068;;;;
4003;;;;
3696;;;;
2101;;;;
3363;;;;
1771;;;;
2377;;;;
1510;;;;
2087;;;;
3942;;;;
1563;;;;
3584;;;;
3794;;;;
2991;;;;
3584;;;;
3794;;;;
2544;;;;
2942;;;;
4808;;;;
1550;;;;
2736;;;;
2336;;;;
4122;;;;
2125;;;;
4606;;;;
3841;;;;
4109;;;;
4850;;;;
3969;;;;
4689;;;;
4913;;;;
3400;;;;
2452;;;;
2559;;;;
2037;;;;
2883;;;;
4753;;;;
3913;;;;
4164;;;;
3623;;;;
1798;;;;
2087;;;;
2978;;;;
3345;;;;
4930;;;;
2725;;;;
2815;;;;
4980;;;;
3460;;;;
2789;;;;
4574;;;;
4090;;;;
2171;;;;
2959;;;;
3975;;;;
2049;;;;
4931;;;;
4511;;;;
3378;;;;
2023;;;;
2350;;;;
2714;;;;
2353;;;;
4233;;;;
1798;;;;
2162;;;;
4037;;;;
3149;;;;
4182;;;;
4009;;;;
1621;;;;
3846;;;;
2694;;;;
3249;;;;
3787;;;;
1614;;;;
1904;;;;
2626;;;;
3439;;;;
2773;;;;
2271;;;;
3412;;;;
4688;;;;
2559;;;;
2436;;;;
4291;;;;
3068;;;;
2741;;;;
2339;;;;
3118;;;;
2452;;;;
1816;;;;
4320;;;;
2306;;;;
3256;;;;
3340;;;;
4588;;;;
4162;;;;
1602;;;;
4734;;;;
3545;;;;
3346;;;;
4167;;;;
2300;;;;
2907;;;;
3520;;;;
2224;;;;
4059;;;;
2713;;;;
2936;;;;
3832;;;;
2848;;;;
3812;;;;
2385;;;;
3457;;;;
4186;;;;
3398;;;;
3421;;;;
3080;;;;
3045;;;;
3234;;;;
2801;;;;
2395;;;;
2197;;;;
2131;;;;
2045;;;;
2021;;;;
4059;;;;
3947;;;;
2587;;;;
1759;;;;
3279;;;;
1779;;;;
2705;;;;
4415;;;;
2283;;;;
4181;;;;
2636;;;;
4953;;;;
4175;;;;
3554;;;;
3696;;;;
2640;;;;
3829;;;;
3567;;;;
2210;;;;
2676;;;;
4054;;;;
3966;;;;
4284;;;;
4284;;;;
4237;;;;
3159;;;;
3576;;;;
1768;;;;
3200;;;;
2016;;;;
3238;;;;
3109;;;;
4619;;;;
4977;;;;
2237;;;;
1618;;;;
4194;;;;
2479;;;;
2194;;;;
4190;;;;
3166;;;;
2826;;;;
2990;;;;
4133;;;;
4912;;;;
1711;;;;
4788;;;;
4056;;;;
2734;;;;
3523;;;;
1963;;;;
4187;;;;
2968;;;;
4945;;;;
4097;;;;
2293;;;;
2737;;;;
2786;;;;
3461;;;;
4285;;;;
2675;;;;
2003;;;;
4648;;;;
4057;;;;
3172;;;;
4408;;;;
1616;;;;
2315;;;;
2394;;;;
2373;;;;
3334;;;;
2059;;;;
3218;;;;
3890;;;;
3669;;;;
3311;;;;
4231;;;;
3815;;;;
2835;;;;
3592;;;;
3831;;;;
4763;;;;
4743;;;;
1818;;;;
3291;;;;
3790;;;;
4338;;;;
2415;;;;
3668;;;;
4903;;;;
3116;;;;
2823;;;;
3753;;;;
4321;;;;
1857;;;;
4681;;;;
1746;;;;
2638;;;;
3121;;;;
1937;;;;
3062;;;;
4708;;;;
2152;;;;
4458;;;;
2131;;;;
3267;;;;
3427;;;;
3810;;;;
1827;;;;
4363;;;;
3208;;;;
4566;;;;
4723;;;;
4223;;;;
2381;;;;
2682;;;;
3895;;;;
2217;;;;
4207;;;;
3665;;;;
2088;;;;
4276;;;;
2916;;;;
1734;;;;
3593;;;;
4085;;;;
3855;;;;
3107;;;;
4192;;;;
4237;;;;
2249;;;;
3017;;;;
2991;;;;
4078;;;;
3094;;;;
4987;;;;
2071;;;;
4086;;;;
2894;;;;
2257;;;;
3881;;;;
2155;;;;
2303;;;;
1976;;;;
3475;;;;
4981;;;;
4165;;;;
1598;;;;
2400;;;;
3932;;;;
4301;;;;
4932;;;;
3963;;;;
3038;;;;
4778;;;;
2339;;;;
2933;;;;
4973;;;;
1501;;;;
3260;;;;
1814;;;;
1653;;;;
4144;;;;
5000;;;;
3293;;;;
2406;;;;
2254;;;;
2501;;;;
3684;;;;
2375;;;;
2590;;;;
3338;;;;
2892;;;;
2814;;;;
2691;;;;
4243;;;;
4060;;;;
3072;;;;
3031;;;;
4815;;;;
3422;;;;
4410;;;;
3140;;;;
4235;;;;
2461;;;;
3713;;;;
2303;;;;
1615;;;;
4210;;;;
2589;;;;
2296;;;;
3757;;;;
3765;;;;
3607;;;;
2457;;;;
3670;;;;
2323;;;;
3753;;;;
1729;;;;
2399;;;;
1553;;;;
2928;;;;
2501;;;;
3777;;;;
3122;;;;
2626;;;;
1540;;;;
4599;;;;
4300;;;;
3349;;;;
3790;;;;
3215;;;;
4082;;;;
4482;;;;
3206;;;;
3692;;;;
4059;;;;
3922;;;;
2208;;;;
4081;;;;
1768;;;;
3763;;;;
1713;;;;
3111;;;;
1890;;;;
3175;;;;
4908;;;;
3959;;;;
2087;;;;
4773;;;;
1830;;;;
2742;;;;
4488;;;;
3363;;;;
4170;;;;
4463;;;;
3992;;;;
4934;;;;
1681;;;;
2362;;;;
2456;;;;
2548;;;;
4106;;;;
3539;;;;
2069;;;;
2555;;;;
4415;;;;
2078;;;;
3012;;;;
